users_eval,Hit1,Hit3,NDCG3,NDCG5
1039.0,0.47781081884974946,0.9105307217440523,0.7259846671604094,0.7686709537712066
