users_eval,Hit@1,Hit@3,NDCG@3,NDCG@5
1039.0,0.5752434512342276,0.9809080581909619,0.812391529813088,0.821393215817543
