users_eval,Hit@1,Hit@3,NDCG@3,NDCG@5
1039.0,0.551518252428323,0.9744617876138303,0.7981391316453705,0.8095974390992524
