users_eval,Hit@1,Hit@3,NDCG@3,NDCG@5
1039.0,0.47266151517371624,0.9525764597773282,0.7516051467007012,0.7741780060949399
